tenure,MonthlyCharges,SupportTickets,Contract,InternetService,PaperlessBilling,Churn
52,21.79,3,One year,DSL,No,0
15,118.77,2,One year,DSL,Yes,1
61,62.78,0,One year,Fiber,Yes,0
21,58.43,1,Month-to-month,Fiber,No,0
24,87.96,0,One year,DSL,Yes,0
3,41.83,0,Month-to-month,Fiber,Yes,1
22,115.0,0,Month-to-month,None,Yes,1
53,98.63,2,One year,DSL,Yes,0
2,28.94,0,Month-to-month,DSL,Yes,0
30,61.76,1,Month-to-month,DSL,Yes,0
38,107.91,0,Two year,Fiber,Yes,0
2,114.47,1,Month-to-month,Fiber,Yes,1
64,66.74,0,One year,DSL,Yes,0
60,81.34,0,Month-to-month,Fiber,No,1
21,36.7,0,One year,DSL,No,0
33,119.12,0,Month-to-month,Fiber,No,0
58,43.17,1,Month-to-month,Fiber,Yes,1
22,114.27,1,One year,DSL,Yes,0
49,84.96,0,Month-to-month,Fiber,Yes,0
59,80.77,2,Month-to-month,DSL,Yes,1
42,71.27,1,Month-to-month,Fiber,No,0
60,43.07,1,Month-to-month,DSL,Yes,0
15,37.65,3,Month-to-month,Fiber,Yes,1
62,42.05,0,Month-to-month,DSL,Yes,1
62,38.64,0,Two year,Fiber,Yes,0
47,97.96,1,Month-to-month,DSL,Yes,1
62,55.01,2,Month-to-month,Fiber,Yes,1
51,25.78,1,Month-to-month,DSL,Yes,1
55,116.91,3,Month-to-month,None,No,0
64,108.38,1,Two year,DSL,Yes,1
3,112.78,0,Month-to-month,DSL,No,0
51,119.49,0,Two year,Fiber,No,1
7,37.39,2,Month-to-month,DSL,Yes,1
21,59.62,1,One year,DSL,No,0
39,95.82,1,Month-to-month,None,Yes,1
18,89.6,2,Two year,None,No,1
4,35.39,0,Month-to-month,DSL,Yes,0
60,101.58,2,Month-to-month,None,Yes,0
14,42.44,1,Month-to-month,Fiber,Yes,0
9,42.38,1,Month-to-month,DSL,Yes,1
53,73.7,4,Two year,Fiber,No,1
2,79.29,0,Month-to-month,Fiber,Yes,0
60,78.01,1,Month-to-month,None,Yes,0
71,29.15,1,One year,DSL,Yes,0
44,107.75,0,Month-to-month,Fiber,No,0
8,46.56,1,Two year,DSL,Yes,0
47,32.95,1,One year,DSL,Yes,0
35,108.87,0,Month-to-month,DSL,Yes,1
36,115.57,0,Two year,None,No,0
50,106.21,1,Month-to-month,Fiber,Yes,1
4,100.95,3,Month-to-month,Fiber,Yes,1
2,85.52,1,Month-to-month,Fiber,Yes,1
6,75.09,0,Month-to-month,DSL,No,0
54,28.7,1,One year,DSL,Yes,0
4,60.85,2,Two year,DSL,Yes,0
54,57.27,3,Month-to-month,DSL,Yes,0
63,45.98,1,Month-to-month,Fiber,No,1
18,92.34,2,Two year,Fiber,No,0
44,69.59,1,Month-to-month,DSL,Yes,0
34,28.1,1,Month-to-month,DSL,Yes,0
62,42.02,2,Month-to-month,DSL,Yes,1
14,88.33,0,Two year,Fiber,Yes,1
48,27.61,2,Month-to-month,None,Yes,0
15,105.12,0,One year,Fiber,Yes,0
62,69.51,1,One year,Fiber,Yes,0
40,68.06,2,Month-to-month,Fiber,No,0
53,79.24,0,Month-to-month,DSL,Yes,0
24,102.47,3,One year,DSL,Yes,0
26,54.78,1,Month-to-month,Fiber,Yes,0
60,87.8,2,One year,Fiber,Yes,0
41,76.57,0,Two year,DSL,Yes,0
29,46.7,0,One year,Fiber,Yes,0
15,107.86,1,One year,Fiber,Yes,0
45,99.74,0,One year,Fiber,No,0
65,85.85,2,One year,None,No,1
71,105.06,1,Month-to-month,Fiber,Yes,0
9,106.73,1,Month-to-month,Fiber,Yes,1
1,90.84,4,Month-to-month,DSL,Yes,1
8,103.7,2,One year,DSL,Yes,1
63,89.75,1,Month-to-month,DSL,Yes,1
11,88.01,0,One year,DSL,No,0
8,81.86,1,Month-to-month,Fiber,No,1
35,95.27,2,One year,Fiber,No,0
35,35.86,1,Month-to-month,DSL,Yes,0
33,108.09,0,One year,Fiber,No,0
5,107.18,0,Month-to-month,DSL,No,1
41,22.92,1,Month-to-month,DSL,Yes,0
28,102.58,2,Month-to-month,DSL,Yes,0
7,32.89,1,One year,DSL,No,0
12,53.51,1,Month-to-month,DSL,Yes,0
34,94.35,1,Month-to-month,Fiber,Yes,1
33,36.08,4,Two year,Fiber,Yes,0
48,101.8,0,One year,None,Yes,0
23,103.21,1,Two year,DSL,Yes,0
62,70.75,1,Month-to-month,DSL,No,1
37,20.64,0,Month-to-month,DSL,Yes,0
44,48.7,4,Two year,Fiber,Yes,0
35,81.69,0,Month-to-month,DSL,Yes,1
65,118.12,1,One year,Fiber,Yes,1
47,83.18,1,Month-to-month,Fiber,Yes,0
3,45.98,2,Month-to-month,Fiber,Yes,1
1,83.4,2,Month-to-month,Fiber,Yes,1
5,74.0,2,Month-to-month,DSL,Yes,1
14,97.98,0,Month-to-month,DSL,Yes,1
27,30.7,0,Month-to-month,DSL,Yes,1
9,96.1,1,Two year,Fiber,Yes,1
15,74.13,1,Month-to-month,DSL,Yes,0
42,116.3,3,One year,DSL,No,0
51,54.19,4,One year,None,Yes,1
63,83.26,0,Month-to-month,DSL,Yes,1
52,113.2,3,Month-to-month,Fiber,Yes,1
4,30.25,0,One year,Fiber,Yes,0
23,113.72,2,One year,DSL,No,0
15,88.79,2,One year,DSL,Yes,0
43,26.78,2,One year,DSL,Yes,0
29,50.1,1,Two year,Fiber,Yes,0
36,90.82,0,Month-to-month,Fiber,Yes,1
13,26.74,1,Month-to-month,Fiber,No,1
32,78.22,0,One year,None,Yes,0
71,54.59,0,Month-to-month,Fiber,Yes,0
59,82.09,1,Two year,DSL,Yes,0
28,24.57,3,Month-to-month,DSL,Yes,1
66,107.15,0,Month-to-month,Fiber,No,1
42,117.35,3,One year,DSL,Yes,0
45,116.89,3,Month-to-month,DSL,Yes,1
62,94.97,2,Month-to-month,Fiber,Yes,1
57,33.01,1,Month-to-month,Fiber,Yes,0
6,95.83,1,Two year,None,Yes,0
28,22.46,0,Month-to-month,Fiber,Yes,1
28,22.21,1,Two year,DSL,Yes,0
44,52.36,2,Month-to-month,None,Yes,0
30,68.86,2,One year,DSL,Yes,0
62,97.04,0,One year,DSL,No,0
62,88.33,2,Month-to-month,Fiber,Yes,0
1,64.59,0,Month-to-month,DSL,Yes,0
27,47.36,0,Month-to-month,Fiber,Yes,1
62,119.71,1,One year,DSL,Yes,0
3,62.62,0,Month-to-month,Fiber,Yes,0
70,65.14,0,One year,DSL,No,1
27,36.36,3,Month-to-month,Fiber,Yes,1
9,99.48,1,Month-to-month,Fiber,Yes,0
62,89.37,0,Month-to-month,DSL,Yes,0
37,42.08,3,Month-to-month,DSL,Yes,1
51,28.24,1,Month-to-month,DSL,Yes,1
44,88.05,2,Two year,DSL,No,1
24,85.45,2,One year,Fiber,Yes,0
59,47.33,1,Month-to-month,Fiber,Yes,1
32,115.09,3,Two year,DSL,Yes,0
52,35.11,1,One year,DSL,Yes,0
62,63.23,1,Two year,DSL,Yes,1
58,114.36,1,Month-to-month,Fiber,Yes,0
52,61.97,0,Month-to-month,DSL,Yes,1
12,83.85,1,Month-to-month,None,Yes,0
39,59.76,1,One year,Fiber,Yes,0
2,47.42,0,Month-to-month,DSL,Yes,0
3,118.4,1,Month-to-month,Fiber,Yes,1
56,60.93,0,Month-to-month,None,Yes,1
59,109.41,1,Month-to-month,Fiber,Yes,1
2,43.0,1,One year,DSL,Yes,0
2,41.31,0,Month-to-month,DSL,Yes,1
54,23.11,1,Month-to-month,Fiber,No,0
1,85.17,0,One year,Fiber,Yes,0
19,56.85,1,Two year,Fiber,Yes,0
2,106.44,1,One year,Fiber,Yes,0
53,67.32,3,Two year,Fiber,Yes,0
44,116.82,2,One year,None,Yes,0
32,38.55,2,Month-to-month,DSL,Yes,0
70,106.86,2,Month-to-month,Fiber,Yes,1
32,97.66,0,One year,Fiber,Yes,1
68,97.09,5,One year,Fiber,Yes,0
55,104.48,0,One year,Fiber,No,0
56,96.1,0,Month-to-month,DSL,Yes,1
17,82.62,2,Month-to-month,Fiber,Yes,1
38,33.12,2,Month-to-month,Fiber,Yes,0
24,23.25,1,Month-to-month,DSL,Yes,1
69,112.08,0,Month-to-month,Fiber,Yes,1
70,81.67,1,One year,DSL,Yes,0
11,99.65,0,Month-to-month,DSL,Yes,1
16,68.15,2,Month-to-month,DSL,Yes,0
59,31.73,1,Month-to-month,Fiber,No,1
70,32.52,2,One year,Fiber,No,0
3,88.56,0,Month-to-month,Fiber,Yes,1
20,63.03,2,Month-to-month,Fiber,Yes,1
59,40.05,0,Month-to-month,Fiber,Yes,1
36,69.16,2,Month-to-month,DSL,Yes,0
19,26.42,1,Two year,DSL,Yes,0
67,78.2,1,Two year,Fiber,Yes,0
19,46.9,1,Month-to-month,DSL,No,1
20,99.76,1,Month-to-month,None,Yes,1
71,51.04,0,One year,Fiber,Yes,0
52,65.52,1,Month-to-month,Fiber,Yes,0
33,21.16,1,Month-to-month,None,No,0
40,27.24,1,Month-to-month,DSL,Yes,1
39,59.25,0,Two year,DSL,Yes,0
1,67.99,0,Month-to-month,Fiber,Yes,0
11,80.0,1,Month-to-month,DSL,No,0
57,49.17,1,One year,None,Yes,1
50,89.5,1,Month-to-month,DSL,No,1
23,106.01,2,Month-to-month,Fiber,Yes,1
31,97.99,1,Two year,Fiber,Yes,1
42,23.96,4,Month-to-month,Fiber,Yes,1
7,68.05,0,One year,DSL,Yes,1
16,30.49,2,Month-to-month,DSL,Yes,0
60,44.2,0,Month-to-month,Fiber,No,0
2,118.67,0,Month-to-month,DSL,Yes,1
1,34.25,0,Month-to-month,Fiber,Yes,1
48,69.89,2,Month-to-month,Fiber,Yes,0
12,81.82,1,One year,Fiber,Yes,1
69,90.25,0,Month-to-month,Fiber,Yes,0
37,75.96,3,Month-to-month,DSL,Yes,1
32,20.98,3,Month-to-month,Fiber,Yes,1
9,52.65,1,One year,Fiber,Yes,1
19,71.77,0,Month-to-month,Fiber,No,1
48,28.79,0,Month-to-month,None,Yes,1
3,55.06,0,Month-to-month,Fiber,No,1
20,23.32,2,Month-to-month,DSL,Yes,0
24,27.86,0,Month-to-month,DSL,Yes,0
54,59.69,6,One year,None,Yes,1
33,33.27,1,Month-to-month,DSL,Yes,1
24,76.75,0,Month-to-month,Fiber,No,0
36,88.95,0,Month-to-month,Fiber,Yes,0
38,100.06,2,One year,DSL,Yes,0
25,40.02,0,Month-to-month,DSL,No,0
18,36.75,2,Month-to-month,Fiber,Yes,0
66,30.46,1,Month-to-month,DSL,Yes,0
54,83.64,2,Month-to-month,Fiber,Yes,0
35,90.65,2,Month-to-month,Fiber,No,0
61,23.16,0,Month-to-month,Fiber,Yes,1
41,113.62,0,Month-to-month,Fiber,Yes,1
33,25.2,0,Month-to-month,DSL,Yes,1
68,74.13,1,Month-to-month,Fiber,No,0
33,90.91,0,Month-to-month,DSL,Yes,0
14,107.1,2,Month-to-month,DSL,Yes,0
21,91.41,2,One year,Fiber,Yes,1
48,100.17,0,Two year,Fiber,No,0
20,53.95,2,Two year,DSL,No,0
8,101.48,1,Two year,Fiber,No,1
7,28.01,0,One year,Fiber,Yes,0
67,109.48,1,One year,DSL,Yes,0
17,74.76,0,Month-to-month,DSL,Yes,0
33,101.73,4,One year,None,No,0
48,65.23,1,Month-to-month,Fiber,Yes,0
59,84.36,5,Month-to-month,Fiber,Yes,1
22,72.64,1,One year,Fiber,No,0
30,93.16,0,Month-to-month,DSL,Yes,1
38,28.16,2,Month-to-month,Fiber,Yes,1
51,26.04,6,Two year,Fiber,Yes,0
54,44.71,0,Month-to-month,Fiber,Yes,1
8,35.95,2,Month-to-month,DSL,No,1
27,107.18,2,Two year,DSL,Yes,0
27,41.92,2,One year,DSL,Yes,0
21,117.59,0,Month-to-month,None,Yes,1
30,53.69,0,Month-to-month,Fiber,Yes,1
28,38.21,2,Month-to-month,Fiber,Yes,1
64,98.97,1,Two year,DSL,Yes,0
69,85.87,1,Month-to-month,DSL,Yes,1
61,69.82,1,Month-to-month,Fiber,Yes,0
48,75.54,1,Month-to-month,Fiber,Yes,1
19,91.92,2,Month-to-month,Fiber,Yes,1
4,42.85,0,Two year,DSL,No,0
35,119.63,3,Month-to-month,Fiber,No,0
64,117.48,1,One year,DSL,No,0
49,85.03,1,Month-to-month,DSL,Yes,1
17,39.95,3,One year,Fiber,Yes,1
44,88.02,1,Two year,DSL,Yes,0
30,27.22,1,Month-to-month,DSL,Yes,0
46,23.07,1,Month-to-month,Fiber,Yes,1
6,45.77,0,Month-to-month,Fiber,Yes,1
37,66.26,1,One year,Fiber,No,1
24,106.83,1,Month-to-month,Fiber,Yes,1
46,92.72,0,Two year,DSL,Yes,0
53,94.27,0,One year,DSL,No,1
60,62.55,0,Two year,None,Yes,1
63,54.59,1,One year,Fiber,No,1
32,57.1,2,Month-to-month,Fiber,No,1
33,118.76,1,Month-to-month,DSL,No,0
67,24.01,1,Month-to-month,Fiber,Yes,1
18,106.7,2,Two year,DSL,Yes,0
25,77.87,2,One year,Fiber,Yes,1
54,63.86,1,One year,None,Yes,0
58,92.53,0,Month-to-month,None,Yes,0
67,68.67,1,Month-to-month,Fiber,Yes,1
46,107.34,1,One year,Fiber,Yes,0
24,110.07,0,Month-to-month,None,Yes,1
32,62.17,0,Month-to-month,Fiber,No,0
47,47.68,0,One year,DSL,No,1
23,79.24,2,Month-to-month,Fiber,Yes,0
66,111.24,2,Month-to-month,DSL,Yes,0
27,41.07,3,Month-to-month,Fiber,No,0
2,82.3,2,Month-to-month,Fiber,Yes,1
17,83.16,1,Two year,Fiber,No,0
33,93.31,0,Month-to-month,DSL,No,0
9,33.16,1,Month-to-month,DSL,Yes,1
43,91.58,1,Month-to-month,Fiber,No,1
48,110.9,0,One year,Fiber,Yes,1
39,37.97,1,Month-to-month,Fiber,Yes,1
42,43.75,1,Month-to-month,DSL,Yes,1
26,117.14,0,Month-to-month,None,Yes,0
50,38.1,0,Month-to-month,None,No,0
25,105.44,2,Month-to-month,DSL,Yes,0
24,69.23,3,One year,DSL,Yes,1
13,44.72,1,Two year,Fiber,Yes,0
60,107.07,2,Month-to-month,Fiber,No,1
7,64.53,2,Month-to-month,None,No,0
57,71.48,2,Two year,Fiber,No,0
36,55.92,2,Month-to-month,Fiber,Yes,1
45,79.3,2,One year,Fiber,Yes,0
20,36.35,3,Month-to-month,DSL,Yes,1
65,59.11,0,Two year,DSL,Yes,0
8,116.94,1,One year,Fiber,Yes,0
16,45.81,2,Two year,Fiber,Yes,0
14,85.67,1,One year,Fiber,Yes,0
15,52.52,2,Month-to-month,Fiber,No,0
66,97.35,2,Two year,DSL,Yes,1
32,33.09,4,Month-to-month,Fiber,Yes,0
63,116.98,1,Month-to-month,DSL,Yes,0
51,65.38,1,One year,Fiber,No,1
25,43.61,4,One year,Fiber,No,1
58,27.35,2,Two year,Fiber,No,0
63,36.98,0,Month-to-month,None,Yes,0
62,71.98,2,One year,DSL,No,0
22,53.7,0,One year,Fiber,Yes,1
58,102.89,1,Month-to-month,DSL,Yes,0
58,63.09,2,Month-to-month,Fiber,No,1
49,44.87,0,Month-to-month,Fiber,Yes,0
52,81.71,4,Month-to-month,Fiber,Yes,0
42,90.68,3,Two year,Fiber,Yes,1
70,36.7,2,One year,DSL,Yes,0
15,36.76,0,One year,Fiber,No,0
54,23.67,1,Two year,DSL,Yes,0
60,93.64,1,Month-to-month,Fiber,Yes,0
8,86.38,3,One year,DSL,Yes,1
53,67.46,2,Month-to-month,DSL,Yes,0
60,104.42,1,Two year,Fiber,Yes,1
5,100.57,1,Month-to-month,None,Yes,1
68,78.54,1,Two year,DSL,Yes,0
6,106.83,1,Month-to-month,DSL,Yes,1
47,40.58,1,Month-to-month,Fiber,No,0
55,31.19,1,One year,DSL,Yes,0
40,46.97,0,Month-to-month,DSL,Yes,0
52,25.71,1,One year,Fiber,Yes,0
16,73.12,1,Month-to-month,DSL,Yes,0
13,113.66,1,One year,None,No,0
30,23.93,2,Month-to-month,Fiber,No,0
19,32.21,2,Month-to-month,Fiber,Yes,1
17,65.22,2,Month-to-month,None,No,1
63,113.39,0,Month-to-month,Fiber,Yes,0
19,51.62,0,Month-to-month,DSL,Yes,1
58,70.72,2,Month-to-month,DSL,Yes,1
55,24.16,1,Month-to-month,Fiber,Yes,0
62,34.83,1,Month-to-month,DSL,Yes,1
23,118.66,1,Month-to-month,None,No,0
9,116.51,1,Two year,Fiber,Yes,1
12,20.49,1,Month-to-month,DSL,No,0
1,115.18,0,Month-to-month,Fiber,No,1
58,83.91,0,One year,Fiber,Yes,0
1,106.79,1,Month-to-month,None,Yes,1
34,65.47,0,One year,Fiber,Yes,0
48,71.56,3,Month-to-month,Fiber,No,1
1,68.88,0,Month-to-month,Fiber,Yes,0
16,86.69,1,Month-to-month,Fiber,Yes,1
61,33.97,0,One year,Fiber,Yes,0
64,23.0,2,One year,DSL,Yes,0
63,50.79,0,Month-to-month,DSL,Yes,0
69,90.47,0,Month-to-month,Fiber,Yes,1
22,40.19,1,Two year,DSL,Yes,0
67,87.34,2,Month-to-month,DSL,Yes,0
26,116.99,1,Month-to-month,Fiber,Yes,1
16,29.39,3,Two year,DSL,Yes,0
51,87.26,0,One year,Fiber,Yes,1
57,64.38,3,Month-to-month,Fiber,Yes,0
29,106.81,2,One year,None,Yes,0
69,37.71,1,Two year,Fiber,Yes,0
47,89.26,1,Month-to-month,DSL,Yes,1
62,103.81,2,Month-to-month,Fiber,Yes,1
69,114.46,1,Month-to-month,Fiber,Yes,0
16,88.32,2,Two year,None,Yes,0
48,69.72,0,One year,Fiber,Yes,1
39,81.78,1,Month-to-month,DSL,No,0
33,106.89,2,Two year,None,No,0
23,77.06,0,Month-to-month,DSL,No,1
10,23.04,2,Month-to-month,Fiber,No,1
69,113.09,2,Month-to-month,Fiber,Yes,1
34,88.95,0,Month-to-month,DSL,Yes,0
52,87.65,1,Two year,DSL,Yes,0
10,41.57,0,Month-to-month,DSL,Yes,1
19,85.89,2,One year,Fiber,Yes,0
58,59.39,0,Month-to-month,None,No,0
1,85.12,0,Month-to-month,DSL,Yes,1
69,30.66,0,Two year,Fiber,Yes,1
4,85.78,0,Month-to-month,DSL,Yes,1
16,119.94,0,Month-to-month,Fiber,Yes,1
24,24.82,2,Month-to-month,DSL,Yes,0
2,117.72,1,Two year,None,No,0
32,60.69,5,Month-to-month,Fiber,Yes,1
24,107.08,0,Month-to-month,Fiber,No,0
12,98.24,3,Month-to-month,Fiber,Yes,1
50,76.7,0,Month-to-month,Fiber,No,0
35,93.84,2,One year,None,Yes,1
33,107.85,1,Month-to-month,Fiber,Yes,0
33,60.41,2,Month-to-month,None,Yes,1
61,52.7,2,Month-to-month,Fiber,No,1
51,86.76,0,Month-to-month,DSL,No,1
43,100.78,2,Two year,Fiber,Yes,0
12,96.23,2,Month-to-month,DSL,Yes,1
67,99.78,1,Two year,Fiber,No,0
65,63.56,1,Month-to-month,Fiber,Yes,0
33,101.78,0,Month-to-month,Fiber,Yes,1
40,32.02,1,Two year,DSL,Yes,0
43,74.45,2,Month-to-month,DSL,Yes,0
44,20.58,2,One year,Fiber,No,0
29,52.46,0,Two year,None,No,0
13,56.65,0,Month-to-month,DSL,Yes,0
12,59.62,0,Month-to-month,Fiber,Yes,1
46,89.55,0,One year,Fiber,No,1
2,58.86,0,Month-to-month,Fiber,Yes,1
35,64.87,4,Month-to-month,DSL,No,0
8,43.75,0,Month-to-month,Fiber,Yes,0
26,57.33,1,Month-to-month,DSL,Yes,0
34,42.73,1,One year,None,No,1
7,27.32,1,Month-to-month,DSL,Yes,1
68,80.34,2,Month-to-month,DSL,Yes,1
58,86.82,2,One year,DSL,Yes,0
29,81.95,1,Month-to-month,DSL,Yes,1
36,66.35,2,Month-to-month,Fiber,Yes,0
21,57.98,1,One year,DSL,No,0
36,106.33,1,Month-to-month,DSL,No,0
10,71.91,5,One year,Fiber,Yes,0
24,67.92,1,Two year,DSL,Yes,0
64,22.56,1,Month-to-month,DSL,Yes,0
49,54.12,1,Month-to-month,Fiber,Yes,0
36,58.02,0,Month-to-month,Fiber,Yes,0
24,59.88,0,Month-to-month,None,No,0
23,78.02,0,Two year,Fiber,Yes,0
62,73.36,2,Two year,Fiber,No,0
37,80.79,0,Month-to-month,DSL,Yes,0
12,96.49,0,One year,Fiber,Yes,0
55,101.3,0,Two year,Fiber,Yes,0
13,91.81,0,Two year,Fiber,Yes,1
23,115.55,1,Month-to-month,Fiber,Yes,1
30,21.82,1,Month-to-month,DSL,No,0
17,39.58,0,Month-to-month,Fiber,Yes,0
62,20.76,2,Two year,Fiber,No,0
13,84.75,0,Month-to-month,None,Yes,1
59,109.8,1,Month-to-month,DSL,No,0
19,44.35,0,Month-to-month,DSL,Yes,0
49,112.7,3,Month-to-month,DSL,No,1
12,26.03,1,Month-to-month,Fiber,Yes,0
61,113.44,2,Two year,DSL,No,0
19,55.16,1,Month-to-month,DSL,No,1
9,30.14,2,Month-to-month,None,Yes,1
71,68.59,0,Month-to-month,DSL,Yes,0
28,45.68,1,Month-to-month,Fiber,Yes,1
52,48.49,1,Month-to-month,DSL,No,1
16,50.73,1,Month-to-month,Fiber,Yes,0
69,100.3,2,Month-to-month,Fiber,Yes,1
12,73.92,1,Month-to-month,None,Yes,1
25,51.13,0,Month-to-month,None,Yes,1
52,81.03,1,Month-to-month,DSL,No,0
53,91.62,1,Two year,DSL,Yes,0
23,47.26,2,Two year,DSL,Yes,0
16,61.35,0,Month-to-month,Fiber,No,1
57,32.19,3,Month-to-month,Fiber,Yes,0
39,38.11,2,Two year,Fiber,Yes,0
53,88.11,2,Month-to-month,Fiber,Yes,1
42,38.14,3,One year,DSL,Yes,0
58,72.52,2,Two year,Fiber,Yes,0
39,90.9,0,Month-to-month,None,No,0
14,30.69,0,Month-to-month,DSL,Yes,0
5,76.73,2,Two year,Fiber,Yes,1
35,45.66,1,Month-to-month,DSL,Yes,0
18,116.29,1,Month-to-month,Fiber,Yes,0
9,68.35,2,Month-to-month,Fiber,No,0
58,100.6,2,Month-to-month,DSL,Yes,1
17,75.02,0,One year,Fiber,Yes,0
7,24.34,1,One year,DSL,Yes,1
46,83.32,0,Two year,Fiber,Yes,0
13,115.14,1,Month-to-month,Fiber,Yes,1
40,80.16,3,Month-to-month,DSL,Yes,1
42,101.92,0,Month-to-month,Fiber,Yes,1
9,108.42,2,Month-to-month,Fiber,No,1
50,42.81,3,Month-to-month,DSL,Yes,0
27,41.2,3,Two year,DSL,No,0
66,81.1,2,Two year,Fiber,No,0
5,61.1,3,Month-to-month,None,Yes,0
29,103.99,0,One year,DSL,Yes,0
37,110.0,4,Month-to-month,DSL,Yes,1
38,55.34,3,Month-to-month,DSL,Yes,1
8,43.69,0,One year,Fiber,No,1
65,98.05,2,Month-to-month,DSL,Yes,0
17,47.48,0,Two year,DSL,Yes,0
71,102.26,1,One year,Fiber,Yes,0
45,62.37,0,Month-to-month,Fiber,Yes,0
4,86.75,2,One year,DSL,Yes,0
36,29.55,0,Month-to-month,Fiber,No,1
70,82.39,0,Month-to-month,Fiber,Yes,1
31,65.18,1,Month-to-month,DSL,No,0
19,78.66,3,Month-to-month,DSL,Yes,1
61,36.8,1,One year,Fiber,Yes,1
54,93.69,2,Month-to-month,DSL,Yes,1
39,106.28,0,One year,Fiber,Yes,0
19,41.67,0,Month-to-month,None,Yes,1
39,29.57,1,Month-to-month,DSL,No,0
67,22.36,1,One year,DSL,No,0
45,84.2,4,Month-to-month,Fiber,Yes,1
13,80.71,0,Month-to-month,Fiber,Yes,0
58,74.67,1,Month-to-month,None,Yes,0
20,43.19,1,Month-to-month,Fiber,No,0
61,59.09,0,Month-to-month,DSL,Yes,0
39,79.45,0,One year,Fiber,No,1
1,69.68,1,Month-to-month,Fiber,Yes,0
3,118.78,1,Month-to-month,Fiber,Yes,1
62,33.64,1,Two year,DSL,No,0
63,89.51,2,Month-to-month,DSL,Yes,0
25,60.43,4,Two year,Fiber,Yes,0
56,62.82,1,Month-to-month,Fiber,Yes,1
33,91.76,0,Month-to-month,DSL,Yes,1
38,89.24,2,Two year,DSL,Yes,0
6,119.13,3,Month-to-month,Fiber,Yes,1
58,32.84,0,One year,Fiber,No,0
44,30.41,1,Month-to-month,DSL,Yes,0
45,92.43,0,Month-to-month,DSL,No,1
32,77.84,1,Month-to-month,DSL,Yes,0
45,47.42,1,Month-to-month,None,Yes,1
61,27.94,1,Two year,Fiber,Yes,0
47,28.57,0,Month-to-month,Fiber,Yes,0
21,109.42,3,Two year,Fiber,Yes,0
36,39.19,2,Two year,DSL,No,0
19,52.34,3,Month-to-month,Fiber,Yes,1
20,42.67,3,Month-to-month,Fiber,Yes,0
57,55.5,1,Two year,DSL,Yes,0
18,26.94,3,Two year,DSL,No,0
47,71.91,1,Month-to-month,Fiber,No,0
49,26.76,5,Month-to-month,None,Yes,1
14,100.04,0,Month-to-month,DSL,Yes,0
15,43.37,2,One year,Fiber,Yes,0
31,74.0,2,Month-to-month,Fiber,Yes,1
1,108.01,2,One year,DSL,Yes,1
54,85.09,1,Month-to-month,DSL,Yes,1
3,73.3,0,Month-to-month,DSL,Yes,1
16,52.43,2,Month-to-month,Fiber,Yes,1
57,53.3,2,Month-to-month,DSL,Yes,1
12,86.95,1,Month-to-month,DSL,No,0
16,119.41,0,Month-to-month,Fiber,No,1
24,86.18,3,Month-to-month,Fiber,Yes,1
28,75.78,3,Month-to-month,DSL,Yes,1
8,93.07,1,Month-to-month,Fiber,Yes,0
36,66.52,1,Two year,Fiber,Yes,0
8,26.01,3,Month-to-month,Fiber,No,1
58,76.23,0,Month-to-month,Fiber,Yes,0
60,115.76,0,Month-to-month,DSL,No,1
50,37.53,1,Two year,Fiber,No,0
28,89.0,4,Month-to-month,Fiber,Yes,1
41,40.09,2,One year,Fiber,Yes,0
64,73.58,1,One year,Fiber,Yes,0
27,29.67,2,One year,Fiber,Yes,0
63,65.04,3,Month-to-month,DSL,Yes,0
17,95.62,1,One year,Fiber,Yes,0
33,54.76,1,Month-to-month,Fiber,No,0
29,86.49,4,Month-to-month,Fiber,Yes,1
13,99.54,1,One year,DSL,Yes,0
46,112.72,0,Month-to-month,None,Yes,1
35,43.46,0,One year,Fiber,Yes,0
6,59.93,1,Month-to-month,DSL,Yes,0
69,35.24,0,One year,Fiber,No,0
47,119.25,0,Month-to-month,Fiber,Yes,1
25,112.7,0,Month-to-month,Fiber,Yes,1
66,74.0,4,Month-to-month,Fiber,Yes,0
10,104.2,1,Two year,Fiber,Yes,1
56,72.1,0,Month-to-month,DSL,No,0
30,82.36,0,Month-to-month,Fiber,Yes,1
5,28.91,0,Month-to-month,Fiber,No,1
33,95.53,0,One year,Fiber,Yes,0
65,32.77,1,Month-to-month,Fiber,Yes,0
18,102.61,0,Month-to-month,Fiber,Yes,1
49,98.2,0,Month-to-month,DSL,Yes,0
11,90.87,1,Month-to-month,Fiber,Yes,1
26,23.62,1,Month-to-month,DSL,No,1
63,50.31,0,Month-to-month,DSL,Yes,1
59,46.31,0,One year,DSL,Yes,0
27,56.01,1,Month-to-month,Fiber,Yes,0
49,28.76,2,Month-to-month,DSL,Yes,0
33,113.7,1,Month-to-month,DSL,Yes,1
1,75.38,0,Two year,DSL,Yes,1
21,50.55,1,Two year,DSL,Yes,0
55,59.7,1,One year,Fiber,Yes,0
6,64.72,1,Month-to-month,Fiber,Yes,0
69,80.06,1,Month-to-month,DSL,Yes,0
5,71.57,1,Month-to-month,Fiber,Yes,1
3,111.94,2,Month-to-month,Fiber,Yes,1
53,69.7,2,Month-to-month,Fiber,No,0
23,119.22,4,One year,DSL,Yes,1
53,105.14,0,Two year,Fiber,Yes,0
37,40.85,2,One year,DSL,Yes,1
17,113.06,2,Month-to-month,DSL,Yes,1
1,31.64,2,One year,DSL,No,0
51,101.74,2,Month-to-month,Fiber,Yes,0
45,58.06,0,Month-to-month,DSL,No,0
4,107.8,1,One year,DSL,No,0
62,106.81,2,Month-to-month,DSL,Yes,1
65,100.59,1,Month-to-month,Fiber,Yes,0
32,99.0,1,Month-to-month,Fiber,Yes,0
34,50.47,1,One year,DSL,Yes,0
39,28.09,1,One year,Fiber,Yes,0
26,60.3,0,Month-to-month,Fiber,Yes,1
34,37.35,0,One year,Fiber,Yes,0
54,89.5,0,Month-to-month,DSL,Yes,1
3,54.61,1,Month-to-month,Fiber,Yes,1
50,117.56,3,One year,DSL,No,0
12,84.1,1,One year,Fiber,Yes,0
65,102.25,1,Two year,DSL,No,1
54,33.25,3,Month-to-month,DSL,Yes,1
5,106.2,1,One year,DSL,Yes,0
57,112.28,0,One year,Fiber,Yes,1
17,68.71,1,Two year,DSL,Yes,0
47,80.63,0,Month-to-month,Fiber,Yes,1
23,96.48,0,One year,DSL,Yes,1
14,37.48,4,Month-to-month,Fiber,No,1
66,70.26,1,Month-to-month,Fiber,Yes,0
51,59.87,0,Month-to-month,Fiber,Yes,0
38,34.64,2,Month-to-month,Fiber,No,0
64,56.75,0,Month-to-month,Fiber,No,1
38,26.82,0,Two year,DSL,Yes,1
50,22.58,0,Month-to-month,Fiber,Yes,0
30,33.52,2,One year,DSL,No,0
51,116.31,1,Month-to-month,Fiber,Yes,0
63,74.95,1,Month-to-month,Fiber,Yes,0
52,116.58,3,Month-to-month,DSL,Yes,1
38,63.25,1,Month-to-month,DSL,No,0
30,51.18,0,Month-to-month,Fiber,Yes,1
51,70.61,0,Month-to-month,Fiber,No,1
5,63.95,1,Month-to-month,None,Yes,1
29,30.57,2,Month-to-month,Fiber,No,0
4,84.08,1,Month-to-month,Fiber,Yes,1
10,41.6,0,Month-to-month,None,Yes,0
56,81.96,1,Month-to-month,DSL,No,0
17,85.02,1,Two year,DSL,Yes,0
17,35.2,0,Two year,Fiber,Yes,0
69,26.13,1,One year,Fiber,Yes,0
34,98.08,0,Month-to-month,Fiber,Yes,1
6,65.98,1,One year,Fiber,Yes,0
53,25.82,1,One year,DSL,Yes,0
66,119.49,0,One year,Fiber,Yes,0
43,25.78,2,Month-to-month,DSL,Yes,0
23,89.5,1,One year,DSL,Yes,0
55,118.37,1,One year,Fiber,Yes,0
16,43.92,3,Month-to-month,DSL,No,1
8,34.22,0,One year,Fiber,Yes,0
4,32.14,0,Month-to-month,Fiber,Yes,0
4,50.33,3,Month-to-month,Fiber,No,1
56,30.1,1,Month-to-month,DSL,Yes,0
25,89.22,3,One year,DSL,No,0
67,26.23,2,Month-to-month,DSL,No,0
67,70.94,4,Month-to-month,None,No,0
27,119.67,0,Month-to-month,Fiber,Yes,0
32,101.4,1,Month-to-month,Fiber,No,1
50,81.52,4,Month-to-month,DSL,No,0
61,50.63,1,One year,None,Yes,0
51,82.39,1,One year,DSL,Yes,0
19,72.7,1,Month-to-month,DSL,Yes,0
21,62.61,1,Month-to-month,Fiber,Yes,0
5,33.07,2,Month-to-month,None,Yes,0
42,108.66,0,Two year,DSL,Yes,0
61,64.98,0,Month-to-month,DSL,Yes,0
22,39.46,1,Month-to-month,None,Yes,0
21,56.78,2,Month-to-month,DSL,Yes,0
70,61.41,0,One year,DSL,Yes,0
1,102.75,2,Two year,Fiber,No,0
5,93.36,4,One year,Fiber,Yes,1
12,96.93,0,One year,Fiber,Yes,0
46,21.1,0,Month-to-month,None,Yes,0
34,61.62,0,Month-to-month,Fiber,Yes,1
49,68.13,1,Month-to-month,DSL,No,0
45,21.92,3,Month-to-month,None,No,1
27,45.98,1,Month-to-month,Fiber,Yes,0
26,96.03,0,Month-to-month,DSL,No,0
47,33.71,0,Month-to-month,Fiber,Yes,0
56,73.53,0,Two year,DSL,Yes,1
63,41.52,1,One year,DSL,Yes,0
48,21.21,1,One year,DSL,No,0
61,44.12,2,One year,Fiber,Yes,1
26,117.59,1,Month-to-month,Fiber,Yes,0
36,100.15,1,One year,Fiber,No,0
1,115.96,0,Month-to-month,None,Yes,1
8,68.79,0,One year,DSL,Yes,0
52,30.97,2,Month-to-month,DSL,No,0
47,74.8,4,Two year,DSL,Yes,0
56,65.44,2,Month-to-month,DSL,Yes,0
14,104.44,1,Month-to-month,DSL,Yes,1
28,29.81,2,Two year,Fiber,Yes,0
2,68.82,1,Month-to-month,None,Yes,0
26,35.0,0,One year,None,Yes,0
14,52.47,1,One year,DSL,Yes,0
59,93.74,0,One year,Fiber,Yes,1
56,67.6,2,Two year,DSL,No,0
7,57.59,2,Two year,DSL,No,1
3,59.45,0,Month-to-month,Fiber,Yes,0
23,65.94,1,One year,Fiber,Yes,1
18,98.5,3,One year,DSL,No,1
38,109.21,2,One year,Fiber,Yes,1
15,115.53,0,Month-to-month,DSL,Yes,1
64,98.69,0,One year,Fiber,No,1
28,51.54,2,Two year,Fiber,No,0
39,88.81,1,Two year,None,No,0
57,63.76,1,Month-to-month,DSL,No,1
17,45.47,3,Month-to-month,DSL,Yes,1
44,104.09,1,Month-to-month,Fiber,Yes,1
25,23.84,1,One year,Fiber,Yes,1
17,110.18,0,One year,DSL,Yes,0
13,66.15,1,Month-to-month,Fiber,Yes,0
25,83.72,1,Month-to-month,Fiber,No,0
68,85.94,2,Month-to-month,None,No,0
10,109.51,1,Month-to-month,Fiber,Yes,1
67,83.67,1,Two year,Fiber,No,0
18,81.39,0,One year,Fiber,No,0
34,26.67,3,Month-to-month,Fiber,Yes,0
8,71.84,1,Month-to-month,DSL,Yes,1
40,35.02,0,Month-to-month,DSL,Yes,0
42,93.74,3,Two year,DSL,Yes,0
41,71.22,0,Month-to-month,Fiber,Yes,0
6,88.02,1,Month-to-month,DSL,Yes,1
52,24.17,3,Month-to-month,None,Yes,0
26,28.48,1,One year,DSL,Yes,0
64,91.63,2,One year,DSL,No,0
59,27.21,1,One year,Fiber,Yes,0
56,27.13,0,Month-to-month,DSL,No,0
59,21.21,0,Month-to-month,DSL,Yes,0
70,115.65,1,Month-to-month,DSL,Yes,0
33,93.75,2,One year,Fiber,No,0
53,55.33,1,Month-to-month,Fiber,Yes,0
22,49.65,0,Month-to-month,Fiber,Yes,1
21,54.97,1,Two year,Fiber,No,0
70,97.47,1,Two year,Fiber,Yes,0
70,86.14,2,Month-to-month,DSL,Yes,0
4,38.52,3,Month-to-month,DSL,Yes,1
62,37.41,5,Month-to-month,Fiber,No,0
62,29.84,2,One year,DSL,Yes,0
24,86.03,2,One year,DSL,Yes,1
55,96.44,0,Month-to-month,Fiber,Yes,1
9,46.5,3,Month-to-month,Fiber,Yes,1
3,22.09,2,One year,DSL,No,0
31,28.22,2,Two year,DSL,Yes,0
40,116.79,1,Month-to-month,None,Yes,0
36,49.54,1,Month-to-month,Fiber,Yes,0
24,96.92,0,Month-to-month,Fiber,No,1
6,82.47,0,Month-to-month,Fiber,Yes,1
66,58.19,3,Two year,Fiber,No,0
4,40.57,1,One year,None,No,0
6,32.14,3,One year,None,Yes,1
51,81.5,0,Month-to-month,DSL,Yes,0
62,97.46,1,One year,Fiber,Yes,0
57,84.39,2,Month-to-month,DSL,No,1
66,73.03,0,Month-to-month,DSL,Yes,0
8,24.2,1,Month-to-month,Fiber,Yes,1
26,116.85,1,Month-to-month,Fiber,No,0
51,99.87,1,One year,None,Yes,0
45,49.28,1,Month-to-month,DSL,Yes,1
44,118.0,0,Month-to-month,Fiber,Yes,0
5,80.19,2,Month-to-month,None,Yes,1
70,78.24,0,Month-to-month,None,No,0
26,94.81,1,Month-to-month,DSL,Yes,1
68,101.18,0,Month-to-month,DSL,Yes,1
19,85.65,2,One year,Fiber,No,1
20,32.81,0,Month-to-month,DSL,Yes,0
12,53.83,0,Month-to-month,None,No,0
47,112.81,2,Month-to-month,None,No,1
1,42.46,0,One year,DSL,Yes,0
14,57.22,3,Month-to-month,DSL,Yes,0
64,63.21,0,Month-to-month,DSL,No,0
38,63.94,1,Month-to-month,None,Yes,0
37,81.29,0,Month-to-month,DSL,Yes,0
11,114.31,1,Month-to-month,Fiber,No,1
3,44.07,1,One year,Fiber,Yes,0
33,32.15,0,One year,Fiber,No,0
6,39.75,1,Month-to-month,DSL,Yes,1
50,108.69,2,One year,DSL,Yes,1
10,84.58,1,One year,None,Yes,0
5,48.59,2,Month-to-month,None,No,1
23,101.59,0,Month-to-month,Fiber,Yes,1
10,106.14,2,Month-to-month,DSL,No,0
44,104.65,0,Month-to-month,DSL,Yes,1
2,111.89,0,One year,Fiber,Yes,1
13,45.22,2,Two year,DSL,Yes,0
40,95.5,1,Two year,None,Yes,0
2,66.05,1,One year,Fiber,Yes,1
65,104.2,0,Month-to-month,DSL,Yes,1
63,92.85,1,Month-to-month,None,Yes,0
17,97.64,1,One year,None,No,0
9,85.62,1,Month-to-month,DSL,Yes,1
15,37.74,1,One year,Fiber,No,0
24,74.5,3,One year,DSL,Yes,1
38,118.47,0,One year,DSL,Yes,0
35,113.74,0,One year,DSL,Yes,0
49,24.32,1,Month-to-month,Fiber,Yes,1
69,36.48,1,One year,None,Yes,0
62,33.17,0,Two year,Fiber,Yes,0
60,92.6,1,Month-to-month,DSL,Yes,0
50,101.78,0,One year,Fiber,No,0
9,41.35,1,Month-to-month,DSL,Yes,1
34,70.59,2,Two year,Fiber,No,0
35,104.07,0,Month-to-month,Fiber,Yes,1
1,93.28,1,Month-to-month,DSL,Yes,1
40,74.22,4,Month-to-month,DSL,Yes,1
64,79.03,0,One year,Fiber,Yes,1
22,70.84,1,Month-to-month,DSL,Yes,1
60,49.75,1,Month-to-month,Fiber,Yes,1
64,76.5,0,Month-to-month,DSL,Yes,0
11,88.89,1,Two year,DSL,Yes,0
14,107.33,4,Month-to-month,Fiber,Yes,1
60,83.63,1,Month-to-month,None,Yes,0
30,96.11,1,One year,None,Yes,0
35,36.01,1,Month-to-month,DSL,No,0
37,66.16,1,Two year,DSL,No,0
5,20.93,1,Month-to-month,DSL,Yes,1
26,44.67,3,One year,Fiber,No,1
62,92.65,1,Month-to-month,Fiber,No,1
4,119.18,1,Month-to-month,None,Yes,1
42,29.92,2,One year,None,Yes,0
18,60.15,0,Month-to-month,DSL,No,0
40,100.01,1,One year,Fiber,Yes,0
39,40.4,1,Month-to-month,Fiber,No,0
14,75.51,0,Month-to-month,Fiber,Yes,0
32,93.31,3,Month-to-month,DSL,Yes,0
51,81.6,2,Two year,DSL,Yes,0
38,38.8,2,Month-to-month,Fiber,Yes,1
23,55.54,0,Month-to-month,DSL,No,1
63,98.38,1,Month-to-month,DSL,No,1
15,75.42,1,Month-to-month,DSL,Yes,0
25,20.52,2,Month-to-month,Fiber,Yes,0
17,96.1,0,Two year,DSL,No,0
66,23.53,0,Month-to-month,DSL,Yes,1
53,94.57,2,Two year,DSL,Yes,0
51,40.25,1,Month-to-month,Fiber,Yes,0
39,115.81,2,One year,Fiber,No,1
51,56.79,1,Two year,Fiber,No,0
70,52.69,0,Month-to-month,Fiber,Yes,1
6,34.89,0,Two year,None,Yes,0
67,50.56,0,Month-to-month,DSL,No,0
7,107.67,1,Two year,DSL,Yes,1
51,119.63,1,One year,DSL,Yes,0
42,56.83,0,Month-to-month,DSL,Yes,1
64,64.86,2,Month-to-month,DSL,No,0
15,92.21,2,Month-to-month,None,Yes,1
29,108.62,1,Month-to-month,Fiber,Yes,0
33,79.3,0,Month-to-month,Fiber,Yes,0
27,59.15,1,Month-to-month,None,Yes,1
36,61.26,2,Month-to-month,DSL,Yes,0
29,89.56,1,One year,DSL,Yes,0
38,20.32,3,Month-to-month,Fiber,Yes,1
57,81.96,3,Month-to-month,Fiber,Yes,1
27,55.55,0,One year,DSL,Yes,0
55,99.42,0,Month-to-month,Fiber,Yes,0
33,29.3,0,Month-to-month,Fiber,No,1
68,78.82,2,Month-to-month,Fiber,No,1
66,68.1,0,Two year,Fiber,Yes,0
10,84.23,1,One year,DSL,No,0
5,26.49,2,Month-to-month,DSL,Yes,0
38,78.0,0,One year,Fiber,No,0
13,76.15,0,Month-to-month,DSL,Yes,0
31,76.07,3,One year,None,Yes,0
47,80.35,1,One year,Fiber,Yes,1
52,87.65,1,One year,DSL,Yes,0
56,100.5,0,Month-to-month,Fiber,No,0
15,46.98,1,Month-to-month,Fiber,Yes,1
29,102.5,0,Month-to-month,DSL,Yes,1
8,69.83,0,Two year,Fiber,Yes,0
5,27.71,3,Month-to-month,Fiber,No,1
29,25.86,1,One year,Fiber,Yes,0
47,53.42,1,Two year,DSL,Yes,0
68,98.49,1,Month-to-month,Fiber,No,1
45,90.77,0,One year,Fiber,Yes,0
2,98.86,0,One year,DSL,Yes,0
27,71.73,1,Two year,DSL,No,0
36,64.02,0,Two year,Fiber,Yes,0
36,34.75,2,One year,DSL,Yes,0
26,52.82,4,Month-to-month,Fiber,Yes,1
43,63.4,1,One year,Fiber,No,0
27,28.86,2,Month-to-month,Fiber,Yes,0
69,42.06,0,One year,DSL,No,0
20,79.82,1,Two year,Fiber,No,1
11,93.57,2,Month-to-month,DSL,Yes,0
38,119.83,3,One year,Fiber,No,0
6,113.31,1,Month-to-month,Fiber,Yes,1
23,84.26,0,Month-to-month,Fiber,Yes,0
47,62.12,0,Month-to-month,None,No,0
46,83.62,1,One year,Fiber,No,0
12,98.57,1,Two year,DSL,Yes,0
13,31.83,0,Two year,None,Yes,0
62,60.99,1,Month-to-month,Fiber,Yes,1
60,103.98,1,Two year,DSL,Yes,0
43,58.38,1,One year,DSL,Yes,0
68,77.19,0,Month-to-month,Fiber,Yes,0
5,78.78,0,Month-to-month,DSL,Yes,0
37,38.45,2,Month-to-month,Fiber,Yes,0
31,56.22,2,Two year,Fiber,Yes,0
9,53.45,2,One year,DSL,No,0
51,22.62,1,One year,Fiber,No,0
29,22.42,4,Month-to-month,DSL,Yes,1
40,103.17,1,One year,Fiber,Yes,0
41,47.31,0,Month-to-month,Fiber,Yes,1
11,71.81,2,Month-to-month,Fiber,Yes,1
23,49.87,1,One year,Fiber,Yes,0
1,114.07,1,Month-to-month,Fiber,No,1
46,45.93,2,One year,Fiber,Yes,0
21,62.97,1,Month-to-month,DSL,Yes,1
36,107.27,2,One year,DSL,Yes,1
54,104.19,1,Month-to-month,Fiber,Yes,1
57,38.61,0,Month-to-month,None,Yes,0
1,100.26,2,Month-to-month,Fiber,No,1
63,65.82,0,Month-to-month,Fiber,Yes,0
54,68.3,1,Two year,DSL,Yes,0
55,33.35,0,Month-to-month,Fiber,Yes,0
40,28.06,2,One year,Fiber,No,0
15,92.79,1,Two year,DSL,Yes,0
21,69.65,0,Month-to-month,DSL,Yes,0
47,63.69,2,Month-to-month,None,No,0
53,92.95,1,One year,DSL,Yes,0
9,96.55,1,Two year,DSL,Yes,1
52,35.89,4,Two year,DSL,Yes,0
57,81.02,1,Month-to-month,None,Yes,1
26,33.54,1,One year,Fiber,Yes,1
41,95.14,1,Month-to-month,Fiber,Yes,1
35,85.7,1,Two year,None,Yes,0
63,115.66,1,Two year,DSL,Yes,0
25,26.9,0,Month-to-month,Fiber,Yes,1
38,25.71,2,Month-to-month,DSL,Yes,0
2,48.22,1,Month-to-month,DSL,Yes,1
7,46.17,2,Month-to-month,Fiber,No,1
34,44.7,2,One year,Fiber,Yes,0
17,110.63,0,Month-to-month,DSL,Yes,1
43,44.95,0,Month-to-month,DSL,Yes,0
59,47.19,0,Month-to-month,Fiber,Yes,1
51,95.94,1,Two year,DSL,Yes,0
54,64.97,0,One year,DSL,Yes,0
24,97.67,4,Month-to-month,DSL,Yes,1
25,26.54,1,Month-to-month,DSL,Yes,1
71,68.76,2,Two year,Fiber,No,0
52,23.36,1,One year,DSL,Yes,0
70,26.27,2,Month-to-month,DSL,Yes,1
33,110.64,1,Month-to-month,Fiber,Yes,1
49,33.92,1,Month-to-month,Fiber,Yes,1
29,73.24,3,Month-to-month,DSL,Yes,0
63,61.11,2,Month-to-month,DSL,Yes,1
22,54.73,1,Two year,DSL,Yes,0
26,109.98,1,Month-to-month,Fiber,No,1
28,22.18,0,One year,Fiber,No,0
49,86.38,1,Month-to-month,Fiber,Yes,1
71,116.34,1,One year,None,Yes,0
49,76.02,2,One year,Fiber,No,0
20,113.68,0,Month-to-month,Fiber,Yes,0
63,25.23,1,Month-to-month,Fiber,Yes,0
61,61.88,3,One year,DSL,Yes,0
49,46.02,3,Month-to-month,None,Yes,0
71,93.08,2,Month-to-month,DSL,Yes,1
1,118.13,3,Month-to-month,DSL,Yes,1
13,45.65,2,Two year,Fiber,Yes,0
51,85.42,0,Month-to-month,DSL,Yes,1
56,39.81,2,One year,Fiber,No,0
62,76.53,0,Month-to-month,Fiber,Yes,1
32,66.39,1,One year,Fiber,Yes,0
30,117.2,1,Month-to-month,Fiber,Yes,1
29,80.85,0,Two year,DSL,No,0
49,54.95,0,Month-to-month,Fiber,No,1
45,31.41,1,One year,Fiber,Yes,1
30,35.12,1,One year,Fiber,Yes,0
16,42.53,1,Month-to-month,Fiber,No,1
40,45.1,1,Month-to-month,DSL,Yes,1
19,105.06,1,Month-to-month,Fiber,Yes,1
18,76.12,0,Month-to-month,DSL,Yes,0
1,72.34,2,Two year,None,Yes,0
47,31.48,2,Month-to-month,DSL,Yes,1
66,106.01,0,Month-to-month,Fiber,Yes,0
38,92.28,0,One year,DSL,Yes,0
51,26.77,0,Month-to-month,DSL,No,1
63,90.78,2,Month-to-month,Fiber,No,1
4,74.35,2,Month-to-month,Fiber,No,1
1,28.17,0,Two year,Fiber,No,0
8,65.83,0,Two year,None,Yes,1
29,68.47,0,Two year,Fiber,Yes,0
55,36.58,0,Month-to-month,Fiber,Yes,0
3,114.57,1,One year,DSL,No,1
32,105.0,2,Month-to-month,Fiber,Yes,1
10,86.9,1,Month-to-month,DSL,No,0
34,66.23,1,Month-to-month,Fiber,Yes,0
55,61.18,0,Month-to-month,None,No,1
32,85.1,0,Month-to-month,None,Yes,0
50,74.54,2,Month-to-month,Fiber,Yes,1
7,26.23,1,Month-to-month,Fiber,No,0
8,71.25,0,Month-to-month,Fiber,Yes,1
65,100.64,1,One year,DSL,No,0
57,65.92,0,Month-to-month,Fiber,Yes,0
67,25.2,3,One year,DSL,Yes,0
59,98.63,1,Month-to-month,Fiber,Yes,0
54,40.14,0,One year,DSL,Yes,0
67,45.86,0,Month-to-month,DSL,Yes,0
51,36.47,2,Month-to-month,DSL,Yes,0
8,53.02,2,Month-to-month,Fiber,Yes,0
34,95.68,0,One year,Fiber,Yes,0
35,71.94,1,One year,DSL,Yes,0
32,40.49,1,Month-to-month,Fiber,Yes,0
46,107.78,2,Month-to-month,DSL,No,0
16,107.96,1,Two year,Fiber,Yes,0
68,107.06,1,One year,Fiber,Yes,0
37,43.88,1,Month-to-month,Fiber,Yes,1
54,65.12,2,Month-to-month,Fiber,Yes,1
14,118.5,3,Month-to-month,DSL,Yes,1
55,97.2,1,One year,Fiber,No,0
48,22.72,1,Month-to-month,Fiber,No,0
7,26.52,1,Two year,Fiber,Yes,0
7,66.39,1,Month-to-month,Fiber,Yes,0
33,110.92,1,Month-to-month,DSL,No,0
23,73.87,0,Month-to-month,Fiber,Yes,1
19,69.78,0,Two year,Fiber,Yes,0
19,30.55,4,One year,DSL,Yes,1
36,85.68,1,Month-to-month,DSL,Yes,1
29,102.21,1,One year,DSL,No,0
60,58.04,1,Month-to-month,None,Yes,1
2,97.56,1,Month-to-month,Fiber,Yes,1
1,116.45,1,Month-to-month,DSL,Yes,1
47,40.38,1,Month-to-month,DSL,No,0
69,72.33,1,Month-to-month,Fiber,No,0
20,48.71,1,Two year,Fiber,Yes,0
11,99.29,1,Month-to-month,DSL,Yes,1
2,77.76,3,Two year,DSL,Yes,0
67,83.46,1,Month-to-month,Fiber,No,1
12,99.79,0,One year,DSL,No,0
20,59.6,0,Month-to-month,DSL,Yes,0
5,111.51,1,Month-to-month,None,No,1
37,73.3,1,Month-to-month,Fiber,Yes,0
38,35.8,0,Month-to-month,DSL,Yes,0
9,89.59,1,One year,DSL,Yes,0
53,99.33,1,Month-to-month,DSL,Yes,1
44,51.68,2,One year,DSL,Yes,0
24,105.72,1,Month-to-month,Fiber,Yes,1
30,110.61,2,Month-to-month,Fiber,Yes,1
59,47.69,2,Month-to-month,Fiber,Yes,0
14,118.35,0,Two year,None,Yes,0
9,34.07,3,One year,Fiber,Yes,1
40,40.2,2,Month-to-month,DSL,Yes,0
66,38.42,2,Month-to-month,Fiber,Yes,0
25,109.4,0,Month-to-month,None,Yes,1
22,85.43,0,Two year,Fiber,No,0
4,35.21,0,One year,DSL,No,0
26,64.03,1,Month-to-month,Fiber,No,0
58,81.53,1,Month-to-month,Fiber,Yes,1
29,28.35,1,Month-to-month,None,Yes,1
37,108.24,0,Two year,DSL,Yes,0
70,100.36,0,Month-to-month,Fiber,Yes,0
18,70.52,1,One year,Fiber,Yes,0
42,116.71,0,Month-to-month,Fiber,Yes,1
41,61.78,2,One year,Fiber,No,0
38,118.41,4,One year,DSL,Yes,0
34,86.79,0,One year,DSL,No,1
17,83.47,2,One year,DSL,No,0
37,36.6,4,Two year,None,Yes,0
25,108.19,0,Month-to-month,DSL,No,1
27,62.75,1,Month-to-month,Fiber,Yes,0
57,36.22,0,Month-to-month,Fiber,No,1
31,21.26,1,Two year,DSL,Yes,0
6,75.98,0,Month-to-month,Fiber,No,1
40,72.74,0,One year,Fiber,Yes,0
12,91.94,2,One year,Fiber,No,0
53,109.03,0,Month-to-month,Fiber,Yes,0
71,27.94,2,Month-to-month,Fiber,Yes,1
10,93.15,1,Month-to-month,DSL,No,1
45,38.74,3,Month-to-month,None,No,1
17,105.82,4,Month-to-month,DSL,Yes,1
26,101.91,0,Month-to-month,Fiber,Yes,1
62,74.08,2,Two year,DSL,Yes,0
46,91.02,0,Two year,None,No,0
64,51.44,1,Month-to-month,Fiber,No,1
2,67.12,1,Month-to-month,Fiber,No,1
54,102.16,1,Month-to-month,DSL,Yes,1
65,65.93,1,One year,Fiber,Yes,0
51,55.78,0,One year,Fiber,Yes,0
53,69.42,2,Month-to-month,Fiber,No,1
36,102.82,3,Month-to-month,DSL,Yes,0
26,53.52,2,One year,None,No,0
29,37.38,0,One year,Fiber,Yes,0
21,91.2,1,Month-to-month,DSL,Yes,0
11,102.6,0,One year,Fiber,Yes,0
40,30.06,1,Month-to-month,Fiber,Yes,1
11,43.99,1,Month-to-month,Fiber,Yes,1
36,34.2,3,One year,DSL,Yes,0
59,54.79,3,One year,Fiber,Yes,0
39,65.04,2,Month-to-month,Fiber,No,0
54,94.88,0,Two year,Fiber,Yes,1
55,85.11,1,Month-to-month,Fiber,Yes,0
24,82.09,1,One year,Fiber,Yes,0
22,55.24,2,Month-to-month,Fiber,Yes,1
69,104.14,3,Two year,DSL,No,1
56,67.13,1,Two year,Fiber,Yes,0
33,117.91,3,Month-to-month,Fiber,No,0
36,83.41,1,Two year,DSL,Yes,0
20,32.63,0,One year,DSL,Yes,0
62,87.62,2,One year,Fiber,Yes,0
26,52.51,1,Month-to-month,Fiber,Yes,1
66,88.63,2,One year,DSL,Yes,1
40,26.96,2,Two year,Fiber,No,1
17,37.49,3,Month-to-month,DSL,Yes,1
1,105.57,0,Two year,Fiber,Yes,1
61,42.72,3,Month-to-month,None,Yes,0
43,103.7,2,Month-to-month,Fiber,Yes,0
42,47.93,2,Month-to-month,DSL,Yes,1
25,84.29,3,Month-to-month,Fiber,Yes,1
39,89.42,0,One year,DSL,Yes,0
35,71.27,1,Month-to-month,Fiber,Yes,0
3,50.53,2,Two year,Fiber,Yes,1
44,41.26,0,Month-to-month,Fiber,No,1
51,23.32,2,Month-to-month,DSL,Yes,0
12,50.39,1,Month-to-month,None,Yes,0
19,85.32,1,Month-to-month,Fiber,No,1
44,113.83,2,Two year,DSL,Yes,0
59,107.12,0,One year,Fiber,Yes,0
49,96.61,1,One year,Fiber,Yes,0
61,98.84,0,Month-to-month,Fiber,Yes,1
17,86.5,2,Month-to-month,Fiber,Yes,1
57,46.03,2,Month-to-month,Fiber,No,0
55,110.72,2,Month-to-month,DSL,No,1
47,87.07,1,Month-to-month,Fiber,No,1
12,76.04,2,One year,Fiber,No,0
62,31.1,2,Month-to-month,DSL,Yes,0
8,64.71,2,One year,Fiber,Yes,1
21,66.04,0,Month-to-month,None,No,1
70,106.46,1,Month-to-month,None,No,1
25,74.66,0,One year,DSL,Yes,1
12,58.04,3,Month-to-month,DSL,No,0
15,117.68,0,Two year,Fiber,Yes,1
59,31.07,0,One year,DSL,Yes,1
26,62.25,2,Month-to-month,None,Yes,0
26,24.2,0,Two year,DSL,Yes,0
47,93.99,1,Month-to-month,DSL,Yes,0
32,111.81,1,Month-to-month,Fiber,Yes,1
10,48.0,1,One year,DSL,Yes,1
16,105.83,0,Month-to-month,Fiber,Yes,0
71,49.22,1,One year,Fiber,Yes,0
17,111.08,0,One year,DSL,No,0
23,95.4,0,Two year,DSL,Yes,0
26,100.49,0,Month-to-month,Fiber,Yes,1
7,21.8,2,Month-to-month,DSL,Yes,0
14,116.28,1,One year,Fiber,Yes,0
7,92.67,3,Month-to-month,Fiber,No,1
9,50.48,3,Month-to-month,Fiber,Yes,0
48,102.94,2,Month-to-month,None,No,0
59,48.15,3,Month-to-month,None,Yes,1
39,107.28,1,Month-to-month,None,Yes,1
18,31.26,0,Two year,DSL,Yes,1
59,90.37,1,Two year,DSL,Yes,0
17,74.07,1,Month-to-month,DSL,Yes,0
14,29.65,1,Month-to-month,Fiber,Yes,1
31,44.19,1,Month-to-month,None,Yes,1
24,21.24,0,Two year,Fiber,Yes,0
60,66.88,0,Month-to-month,DSL,No,0
45,50.13,0,One year,None,Yes,1
3,79.84,1,Month-to-month,Fiber,Yes,1
37,49.72,1,One year,DSL,Yes,0
43,49.99,3,Month-to-month,Fiber,Yes,0
40,94.32,0,One year,DSL,Yes,1
55,24.81,1,Month-to-month,Fiber,No,0
39,110.29,0,One year,DSL,No,0
15,105.23,0,Month-to-month,Fiber,Yes,1
4,86.78,1,One year,Fiber,Yes,0
25,79.32,1,Two year,Fiber,Yes,1
13,109.23,1,Month-to-month,Fiber,Yes,1
33,38.53,0,Two year,Fiber,Yes,1
16,27.9,1,Month-to-month,Fiber,Yes,0
42,43.95,2,Month-to-month,None,Yes,0
66,99.46,1,Month-to-month,DSL,Yes,1
55,23.47,1,Month-to-month,Fiber,Yes,1
42,78.28,1,One year,DSL,Yes,0
34,119.54,4,One year,DSL,Yes,0
30,105.57,1,Month-to-month,Fiber,Yes,0
13,72.14,0,Month-to-month,Fiber,No,0
13,26.36,0,One year,DSL,Yes,0
18,103.14,1,Two year,Fiber,No,1
32,79.9,1,Month-to-month,Fiber,Yes,1
39,31.49,1,Two year,None,Yes,0
46,29.39,1,Month-to-month,DSL,Yes,1
29,110.96,3,Month-to-month,None,Yes,1
62,86.92,1,One year,DSL,No,0
62,102.93,1,Month-to-month,Fiber,Yes,1
57,107.9,0,Month-to-month,DSL,Yes,0
16,77.18,0,Month-to-month,DSL,Yes,1
56,71.74,3,One year,Fiber,No,0
10,63.04,0,One year,Fiber,Yes,0
30,51.69,2,Month-to-month,DSL,No,0
25,63.46,1,Month-to-month,DSL,No,1
5,97.39,2,Month-to-month,Fiber,Yes,1
65,80.19,1,Month-to-month,DSL,No,1
49,109.25,0,Month-to-month,Fiber,No,1
3,64.34,0,One year,DSL,Yes,0
45,80.71,5,Month-to-month,DSL,Yes,1
14,83.13,1,Month-to-month,DSL,Yes,1
30,79.17,1,Month-to-month,Fiber,Yes,0
68,90.26,0,Month-to-month,DSL,Yes,0
18,43.74,2,Two year,DSL,Yes,0
62,71.24,0,Month-to-month,None,Yes,0
37,30.42,0,Month-to-month,Fiber,Yes,1
25,58.45,0,Month-to-month,DSL,Yes,1
48,68.77,0,Month-to-month,Fiber,No,1
